,value,metric,type
0,111.9121496693648,ade,ml
1,31.150863997551127,ade,ml
2,175.3630090271895,ade,ml
3,73.91169306434138,ade,ml
4,60.11108471394814,ade,ml
5,81.9946112729795,ade,ml
6,55.12621300031345,ade,ml
7,226.28530183854096,ade,ml
8,119.65563777996506,ade,ml
9,128.86314968144245,ade,ml
10,231.42149767889558,ade,ml
11,93.2270413900959,ade,ml
12,117.48851596422196,ade,ml
13,106.96536170425797,ade,ml
14,73.40493591094773,ade,ml
15,79.09825563242173,ade,ml
16,37.57252386382559,ade,ml
17,79.12343569666803,ade,ml
18,52.98425869706113,ade,ml
19,102.6399316052952,ade,ml
20,13.142545046979626,ade,ml
21,9.363255418641934,ade,ml
22,19.177095184433792,ade,ml
23,51.74555730179069,ade,ml
24,8.28531242426203,ade,ml
25,10.263930495072026,ade,ml
26,81.6421807082062,ade,ml
27,16.01986956837764,ade,ml
28,10.454190328469569,ade,ml
29,10.753129599745519,ade,ml
30,67.71739934135628,ade,ml
31,11.775221117703362,ade,ml
32,9.881581877841244,ade,ml
33,9.35915423796392,ade,ml
34,8.23143802313323,ade,ml
35,8.030394489645468,ade,ml
36,8.738789797482506,ade,ml
37,9.654837465238613,ade,ml
38,12.120760670612361,ade,ml
39,14.465054661682144,ade,ml
40,12.120777348952416,ade,ml
41,13.52436112034448,ade,ml
42,9.363257479937149,ade,ml
43,19.177106048824797,ade,ml
44,51.74555988050539,ade,ml
45,8.285308898577183,ade,ml
46,67.71738554754627,ade,ml
47,81.64217623848418,ade,ml
48,16.019871147983846,ade,ml
49,10.454207508244219,ade,ml
50,10.263934098446892,ade,ml
51,14.465057093013558,ade,ml
52,11.77521828130528,ade,ml
53,9.881578697124418,ade,ml
54,9.359160352362617,ade,ml
55,8.231440680913652,ade,ml
56,8.030396778391834,ade,ml
57,8.738790908923496,ade,ml
58,9.654849610540717,ade,ml
59,10.75312284521663,ade,ml
60,9.654838049992982,ade,ml
61,10.60828896062817,ade,ml
62,13.524362075868922,ade,ml
63,9.363260918026558,ade,ml
64,19.17709478771286,ade,ml
65,51.74556283550168,ade,ml
66,10.263937583156276,ade,ml
67,67.71740055044431,ade,ml
68,81.64218889066245,ade,ml
69,16.019872972966677,ade,ml
70,8.285309966483478,ade,ml
71,10.753108301260497,ade,ml
72,14.465058381839347,ade,ml
73,11.775217875970533,ade,ml
74,9.881577792293117,ade,ml
75,9.359164162153496,ade,ml
76,8.231430753188922,ade,ml
77,8.030395769308429,ade,ml
78,8.738794880403162,ade,ml
79,10.454193375237528,ade,ml
80,8.738790183422411,ade,ml
81,37.724045705688425,ade,ml
82,10.608286292977922,ade,ml
83,13.524356466343084,ade,ml
84,9.36326101138434,ade,ml
85,19.177096518521846,ade,ml
86,8.285303906353311,ade,ml
87,10.263937652683287,ade,ml
88,67.71739667704493,ade,ml
89,81.64218572025244,ade,ml
90,51.74555749998535,ade,ml
91,10.454199729511314,ade,ml
92,10.753125223834525,ade,ml
93,14.46505730310588,ade,ml
94,11.775219884082562,ade,ml
95,9.881577334384021,ade,ml
96,9.359164997482383,ade,ml
97,8.231431612806032,ade,ml
98,8.030396490276813,ade,ml
99,16.01987282938708,ade,ml
100,8.030396488745525,ade,ml
101,83.77414583541146,ade,ml
102,37.724046510858976,ade,ml
103,10.608285797171872,ade,ml
104,13.52435744662497,ade,ml
105,9.363261565092664,ade,ml
106,51.7455652732053,ade,ml
107,8.285304451090822,ade,ml
108,10.26393072358015,ade,ml
109,67.71739136651696,ade,ml
110,19.177104564347804,ade,ml
111,16.019866311596353,ade,ml
112,10.454206071343366,ade,ml
113,10.753128189486683,ade,ml
114,14.465057644866349,ade,ml
115,11.775216928383196,ade,ml
116,9.881577313498568,ade,ml
117,9.35915590816976,ade,ml
118,8.23143770292623,ade,ml
119,81.64218178034342,ade,ml
120,8.231434291361337,ade,ml
121,10.992647517887074,ade,ml
122,83.77415869561666,ade,ml
123,37.72404586856139,ade,ml
124,10.608295820032383,ade,ml
125,13.524367234812729,ade,ml
126,19.177101904002807,ade,ml
127,51.745563721119474,ade,ml
128,8.285316001495447,ade,ml
129,10.26392820823463,ade,ml
130,9.363259010012031,ade,ml
131,81.64217816848979,ade,ml
132,16.019865721159988,ade,ml
133,10.454202632901405,ade,ml
134,10.75313588817856,ade,ml
135,14.465058077020577,ade,ml
136,11.775218260299356,ade,ml
137,9.881579197922216,ade,ml
138,9.359158788652168,ade,ml
139,67.71738810641801,ade,ml
140,9.359160079121297,ade,ml
141,8.443998344285111,ade,ml
142,10.992643150484673,ade,ml
143,83.77414643070958,ade,ml
144,37.72404398105457,ade,ml
145,10.608289464952485,ade,ml
146,9.363259977268022,ade,ml
147,19.1771040601756,ade,ml
148,51.74556122588255,ade,ml
149,8.285304468954978,ade,ml
150,13.524357195166635,ade,ml
151,67.71738744041775,ade,ml
152,81.64217771857217,ade,ml
153,16.019874337864582,ade,ml
154,10.45420848115599,ade,ml
155,10.753119964259481,ade,ml
156,14.465056434258583,ade,ml
157,11.775219013098194,ade,ml
158,9.88157945626172,ade,ml
159,10.263934302470162,ade,ml
160,9.881579061996566,ade,ml
161,5.667807778935059,ade,ml
162,8.444004988318722,ade,ml
163,10.992650894865582,ade,ml
164,83.7741563639049,ade,ml
165,37.72404508269924,ade,ml
166,13.52436559261402,ade,ml
167,9.363258496420928,ade,ml
168,19.1771017383228,ade,ml
169,51.74555823165888,ade,ml
170,10.608293873487904,ade,ml
171,10.263933323732056,ade,ml
172,67.71738989416107,ade,ml
173,81.64217977891367,ade,ml
174,16.019867122295953,ade,ml
175,10.45420470259934,ade,ml
176,10.753128050285307,ade,ml
177,14.465058007058362,ade,ml
178,11.775217973147306,ade,ml
179,8.285313801214842,ade,ml
180,11.775219491022199,ade,ml
181,8.164524658104472,ade,ml
182,5.66780867845393,ade,ml
183,8.44399406091941,ade,ml
184,10.992644528815276,ade,ml
185,83.77415537051112,ade,ml
186,10.608290582056883,ade,ml
187,13.524357632734427,ade,ml
188,9.363259987410983,ade,ml
189,19.17709823036,ade,ml
190,37.72404375796048,ade,ml
191,8.285304657418484,ade,ml
192,10.26393476776221,ade,ml
193,67.71740102396996,ade,ml
194,81.6421891470108,ade,ml
195,16.019874509690457,ade,ml
196,10.454189295693313,ade,ml
197,10.753116804895887,ade,ml
198,14.465056909232173,ade,ml
199,51.74555901241055,ade,ml
200,14.465055901992761,ade,ml
201,10.840905304167121,ade,ml
202,8.16452539788075,ade,ml
203,5.667809289104606,ade,ml
204,8.443997009596156,ade,ml
205,10.9926490831808,ade,ml
206,37.724045882936394,ade,ml
207,10.608292681242853,ade,ml
208,13.524363872348504,ade,ml
209,9.363257785450097,ade,ml
210,83.77415261253861,ade,ml
211,51.74556139807344,ade,ml
212,8.285311931098105,ade,ml
213,10.263932600463379,ade,ml
214,67.71738640636475,ade,ml
215,81.64217474156435,ade,ml
216,16.019867976569053,ade,ml
217,10.45420167658151,ade,ml
218,10.75311929848584,ade,ml
219,19.177100619047167,ade,ml
220,10.753138480001665,ade,ml
221,13.19385595805385,ade,ml
222,10.84092685167861,ade,ml
223,8.164533744570939,ade,ml
224,5.6678097953210616,ade,ml
225,8.444020294331272,ade,ml
226,83.77415296167578,ade,ml
227,37.7240472773564,ade,ml
228,10.608291927508768,ade,ml
229,13.524361691657433,ade,ml
230,10.99264478752029,ade,ml
231,19.17709546848201,ade,ml
232,51.74556098835772,ade,ml
233,8.285306452097087,ade,ml
234,10.26393333873378,ade,ml
235,67.71738024542428,ade,ml
236,81.64217949294071,ade,ml
237,16.019878094723847,ade,ml
238,10.45421712676673,ade,ml
239,9.36325678501454,ade,ml
240,10.454182086993718,ade,ml
241,104.59190188972337,ade,ml
242,13.19385074592004,ade,ml
243,10.840900301481623,ade,ml
244,8.164522954748666,ade,ml
245,5.667808782940006,ade,ml
246,10.992654605852685,ade,ml
247,83.77415201945787,ade,ml
248,37.724052072712276,ade,ml
249,10.608291246514918,ade,ml
250,8.443984857971929,ade,ml
251,9.363260147377863,ade,ml
252,19.177096380826885,ade,ml
253,51.7455606719341,ade,ml
254,8.28530834781897,ade,ml
255,10.263928046749477,ade,ml
256,67.71740401172987,ade,ml
257,81.64218127566689,ade,ml
258,16.019861685271334,ade,ml
259,13.524360148594434,ade,ml
260,16.01986647007434,ade,ml
261,16.092134698523704,ade,ml
262,104.59190239852954,ade,ml
263,13.193850548242603,ade,ml
264,10.840896896073597,ade,ml
265,8.164521509353117,ade,ml
266,8.443983508949723,ade,ml
267,10.992648838705795,ade,ml
268,83.77415239035051,ade,ml
269,37.72404750950877,ade,ml
270,5.66780860521774,ade,ml
271,13.524362472489125,ade,ml
272,9.363262229047374,ade,ml
273,19.177099612379802,ade,ml
274,51.745560734280076,ade,ml
275,8.28530862232061,ade,ml
276,10.263931542059808,ade,ml
277,67.71740685104125,ade,ml
278,81.64218349579903,ade,ml
279,10.608292269676877,ade,ml
280,81.642184286283,ade,ml
281,79.97509140923465,ade,ml
282,16.092137089431173,ade,ml
283,104.59190352054377,ade,ml
284,13.19385073386362,ade,ml
285,10.8409106332743,ade,ml
286,5.667808892292595,ade,ml
287,8.444002473457148,ade,ml
288,10.992652983442804,ade,ml
289,83.77415148105507,ade,ml
290,8.164527420046234,ade,ml
291,10.608292646440024,ade,ml
292,13.524361169050556,ade,ml
293,9.363263802938906,ade,ml
294,19.17710077158425,ade,ml
295,51.74556194339261,ade,ml
296,8.285308907273391,ade,ml
297,10.263937416066206,ade,ml
298,67.71739566910797,ade,ml
299,37.724041690123386,ade,ml
300,67.71740141763475,ade,ml
301,4.803399652460427,ade,ml
302,79.97509333309283,ade,ml
303,16.0921395485496,ade,ml
304,104.59189740166615,ade,ml
305,13.193853298139372,ade,ml
306,8.164523402535936,ade,ml
307,5.6678091186617685,ade,ml
308,8.443988258530986,ade,ml
309,10.9926530021487,ade,ml
310,10.840902109649521,ade,ml
311,37.72405098190324,ade,ml
312,10.608291888192108,ade,ml
313,13.524362753428363,ade,ml
314,9.36326126823358,ade,ml
315,19.177094221211632,ade,ml
316,51.745559543172135,ade,ml
317,8.285308927893919,ade,ml
318,10.263929961522026,ade,ml
319,83.77415347653921,ade,ml
320,67.55321256745117,ade,ml
321,498.68328860371275,ade,ml
322,313.53309947651934,ade,ml
323,342.4628338042825,ade,ml
324,238.5386975416623,ade,ml
325,384.00796016743334,ade,ml
326,559.949216458309,ade,ml
327,376.56096182425335,ade,ml
328,122.93947253285187,ade,ml
329,305.3643333885694,ade,ml
330,412.13251850084447,ade,ml
331,391.1423712740049,ade,ml
332,365.08924605102135,ade,ml
333,373.57117681833,ade,ml
334,91.01076940325022,ade,ml
335,46.48509652380323,ade,ml
336,48.02128368170847,ade,ml
337,88.50074271636879,ade,ml
338,45.350152320606945,ade,ml
339,208.17119805845905,ade,ml
340,45.350155022607225,ade,ml
341,508.42452802291217,ade,ml
342,498.6832776778278,ade,ml
343,313.53311553207254,ade,ml
344,342.4628435149454,ade,ml
345,238.5386792389686,ade,ml
346,412.1325294838653,ade,ml
347,559.9492121975591,ade,ml
348,376.5609728078814,ade,ml
349,122.939469686042,ade,ml
350,384.0079711532601,ade,ml
351,208.17128168022364,ade,ml
352,391.14237121370417,ade,ml
353,365.0892462155404,ade,ml
354,373.57117255159574,ade,ml
355,91.01075996549838,ade,ml
356,46.48509649737843,ade,ml
357,48.02128219487195,ade,ml
358,88.50076205469462,ade,ml
359,305.3643323190085,ade,ml
360,88.50076285708421,ade,ml
361,306.30727883264035,ade,ml
362,508.4245300802534,ade,ml
363,498.6832782727533,ade,ml
364,313.5331104037801,ade,ml
365,342.46284478601314,ade,ml
366,384.00797112836705,ade,ml
367,412.1325293454204,ade,ml
368,559.94921175626,ade,ml
369,376.56097290963004,ade,ml
370,238.5386813628411,ade,ml
371,305.3643329282136,ade,ml
372,208.17128201400817,ade,ml
373,391.14237091711493,ade,ml
374,365.08924934178907,ade,ml
375,373.57117223978366,ade,ml
376,91.01076286620925,ade,ml
377,46.48510250685488,ade,ml
378,48.02128785678375,ade,ml
379,122.93946964176244,ade,ml
380,48.02129675280142,ade,ml
381,298.062071250306,ade,ml
382,306.307283244125,ade,ml
383,508.4245288259761,ade,ml
384,498.6832740953586,ade,ml
385,313.53311413472244,ade,ml
386,238.53868530661194,ade,ml
387,384.00797481271303,ade,ml
388,412.13253313102786,ade,ml
389,559.949214702253,ade,ml
390,342.46284844645487,ade,ml
391,122.93946588815567,ade,ml
392,305.36433212954216,ade,ml
393,208.17127889181333,ade,ml
394,391.14237074530996,ade,ml
395,365.08924764626886,ade,ml
396,373.5711760323727,ade,ml
397,91.01076436143045,ade,ml
398,46.48511204884685,ade,ml
399,376.56098029360624,ade,ml
400,46.48508812445572,ade,ml
401,137.60561205544403,ade,ml
402,298.0620600941318,ade,ml
403,306.30727210098706,ade,ml
404,508.42452898632115,ade,ml
405,498.68326948892445,ade,ml
406,342.4628533229123,ade,ml
407,238.53869067873748,ade,ml
408,384.00797967040967,ade,ml
409,412.1325378739255,ade,ml
410,313.53311891332356,ade,ml
411,376.56097002192837,ade,ml
412,122.93946944466968,ade,ml
413,305.3643332076887,ade,ml
414,208.17127268167408,ade,ml
415,391.14237183470595,ade,ml
416,365.08924866279034,ade,ml
417,373.5711745367201,ade,ml
418,91.01074856403,ade,ml
419,559.9492061199136,ade,ml
420,91.01075762301413,ade,ml
421,109.4680297980806,ade,ml
422,137.60561682058633,ade,ml
423,298.06207034504126,ade,ml
424,306.3072848727904,ade,ml
425,508.42453160002657,ade,ml
426,313.5331164907533,ade,ml
427,342.46285088708896,ade,ml
428,238.53868817851352,ade,ml
429,384.0079772316041,ade,ml
430,498.6832718574064,ade,ml
431,559.9492178430456,ade,ml
432,376.56098282598623,ade,ml
433,122.9394710996966,ade,ml
434,305.36433331193683,ade,ml
435,208.17127592025705,ade,ml
436,391.1423707422993,ade,ml
437,365.08924781617475,ade,ml
438,373.5711713502371,ade,ml
439,412.1325354470987,ade,ml
440,373.5711714890527,ade,ml
441,216.83970233701677,ade,ml
442,109.46804427668258,ade,ml
443,137.60561166902235,ade,ml
444,298.06207439934434,ade,ml
445,306.3072841812871,ade,ml
446,498.6832876987328,ade,ml
447,313.53310061181423,ade,ml
448,342.46283502696707,ade,ml
449,238.53867351996237,ade,ml
450,508.4245269527309,ade,ml
451,412.13251956889053,ade,ml
452,559.949218293485,ade,ml
453,376.56098222595955,ade,ml
454,122.93947194796839,ade,ml
455,305.3643339310747,ade,ml
456,208.17129096292774,ade,ml
457,391.14237291553974,ade,ml
458,365.08924799541114,ade,ml
459,384.0079613606984,ade,ml
460,365.08924937071225,ade,ml
461,468.43485967659603,ade,ml
462,216.83969953114607,ade,ml
463,109.46803592488459,ade,ml
464,137.60561375220956,ade,ml
465,298.0620623927418,ade,ml
466,508.42452701255405,ade,ml
467,498.68328401548024,ade,ml
468,313.53310428684046,ade,ml
469,342.46283868704876,ade,ml
470,306.30727436727983,ade,ml
471,384.0079650699375,ade,ml
472,412.13252349294333,ade,ml
473,559.9492064638126,ade,ml
474,376.5609704388075,ade,ml
475,122.93946885710695,ade,ml
476,305.3643337889417,ade,ml
477,208.17128750694744,ade,ml
478,391.1423727223691,ade,ml
479,238.53867689862057,ade,ml
480,391.14237033029855,ade,ml
481,167.73293122572667,ade,ml
482,468.4348612744191,ade,ml
483,216.83970165756196,ade,ml
484,109.46804061616349,ade,ml
485,137.60561534492064,ade,ml
486,306.307285039364,ade,ml
487,508.4245297997433,ade,ml
488,498.6832863244697,ade,ml
489,313.53310184930393,ade,ml
490,298.06207302034886,ade,ml
491,238.53867409520797,ade,ml
492,384.00796257138865,ade,ml
493,412.1325207338482,ade,ml
494,559.9492193343225,ade,ml
495,376.5609834870622,ade,ml
496,122.9394705612479,ade,ml
497,305.36433145624426,ade,ml
498,208.17119528719846,ade,ml
499,342.46283625430834,ade,ml
500,208.17127875829922,ade,ml
501,168.03797795174586,ade,ml
502,167.73293785038692,ade,ml
503,468.4348497808362,ade,ml
504,216.83969383967462,ade,ml
505,109.46803155282969,ade,ml
506,298.06207160711364,ade,ml
507,306.3072835940782,ade,ml
508,508.424526223809,ade,ml
509,498.68327374419795,ade,ml
510,137.60561451533755,ade,ml
511,342.4628484306923,ade,ml
512,238.53868702110222,ade,ml
513,384.007974803506,ade,ml
514,412.13253294940114,ade,ml
515,559.9492148787725,ade,ml
516,376.56098043880814,ade,ml
517,122.93946647465732,ade,ml
518,305.3643319092835,ade,ml
519,313.5331138585672,ade,ml
520,305.3643356386204,ade,ml
521,275.99872576167047,ade,ml
522,168.03796689363517,ade,ml
523,167.73294571149742,ade,ml
524,468.43484316696,ade,ml
525,216.83968660486866,ade,ml
526,137.60561585924992,ade,ml
527,298.0620612124776,ade,ml
528,306.30727322152876,ade,ml
529,508.4245305170557,ade,ml
530,109.46802780842388,ade,ml
531,313.5331202199421,ade,ml
532,342.4628545421943,ade,ml
533,238.53869061682144,ade,ml
534,384.007980931636,ade,ml
535,412.1325391895243,ade,ml
536,559.9492061898928,ade,ml
537,376.56097118403585,ade,ml
538,122.93947397460424,ade,ml
539,498.68328057322304,ade,ml
540,122.93946891181137,ade,ml
541,380.8031423354828,ade,ml
542,275.99872740084584,ade,ml
543,168.03797633107308,ade,ml
544,167.73293684902492,ade,ml
545,468.4348523902582,ade,ml
546,109.46803240445023,ade,ml
547,137.60561402034614,ade,ml
548,298.06206963802776,ade,ml
549,306.3072816154597,ade,ml
550,216.83969238439252,ade,ml
551,498.68327587470986,ade,ml
552,313.53311155184605,ade,ml
553,342.4628460050155,ade,ml
554,238.53868367132918,ade,ml
555,384.00797243689044,ade,ml
556,412.1325309240647,ade,ml
557,559.9492137679555,ade,ml
558,376.56097769275567,ade,ml
559,508.4245273175818,ade,ml
560,376.56096921098293,ade,ml
561,507.7978971071486,ade,ml
562,380.8031433313661,ade,ml
563,275.9987273088241,ade,ml
564,168.03796719075348,ade,ml
565,167.73294592377223,ade,ml
566,216.839701489778,ade,ml
567,109.46803832165239,ade,ml
568,137.60561475058037,ade,ml
569,298.06206064998264,ade,ml
570,468.4348606742144,ade,ml
571,508.424528323178,ade,ml
572,498.6832847295755,ade,ml
573,313.53310318764255,ade,ml
574,342.4628374845361,ade,ml
575,238.53867428338378,ade,ml
576,384.0079638774226,ade,ml
577,412.1325222986481,ade,ml
578,559.949204981676,ade,ml
579,306.30727263431993,ade,ml
580,559.9492161935295,ade,ml
581,259.63103561810675,ade,ml
582,507.7979006742416,ade,ml
583,380.80314428850664,ade,ml
584,275.99873248171167,ade,ml
585,168.03797721322357,ade,ml
586,468.43486381239677,ade,ml
587,216.83970652596767,ade,ml
588,109.4680438327178,ade,ml
589,137.60561468272417,ade,ml
590,167.73293543749648,ade,ml
591,306.3072834106986,ade,ml
592,508.42452829134845,ade,ml
593,498.6832888474775,ade,ml
594,313.53309944416947,ade,ml
595,342.4628338028881,ade,ml
596,238.53867252796522,ade,ml
597,384.00796019556583,ade,ml
598,412.132518526885,ade,ml
599,298.0620714080704,ade,ml
600,412.13252360205087,ade,ml
601,253.99164648654627,ade,ml
602,259.6310294399425,ade,ml
603,507.7978958047823,ade,ml
604,380.80314451334397,ade,ml
605,275.9987274250474,ade,ml
606,167.73294153549548,ade,ml
607,468.434859009031,ade,ml
608,216.83969997061737,ade,ml
609,109.46803905946804,ade,ml
610,168.03796925546027,ade,ml
611,298.0620623927418,ade,ml
612,306.307273271226,ade,ml
613,508.42452828357506,ade,ml
614,498.6832831586332,ade,ml
615,313.5331046918221,ade,ml
616,342.4628386862435,ade,ml
617,238.53867413021703,ade,ml
618,384.00796511300604,ade,ml
619,137.6056153099223,ade,ml
620,384.0079712062857,ade,ml
621,225.521786219299,ade,ml
622,253.99164136021022,ade,ml
623,259.63105393033817,ade,ml
624,507.79789729709506,ade,ml
625,380.8031445115521,ade,ml
626,168.03797456151236,ade,ml
627,167.73293850159396,ade,ml
628,468.43485279256873,ade,ml
629,216.8396945266602,ade,ml
630,275.9987288282659,ade,ml
631,137.6056140715261,ade,ml
632,298.0620669758967,ade,ml
633,306.3072789614229,ade,ml
634,508.4245299968011,ade,ml
635,498.6832773266671,ade,ml
636,313.53311068324086,ade,ml
637,342.4628447604757,ade,ml
638,238.53868069935774,ade,ml
639,109.46803398567806,ade,ml
640,238.5386663351758,ade,ml
641,235.50428937117144,ade,ml
642,225.5217857735255,ade,ml
643,253.99165483437105,ade,ml
644,259.63106810090454,ade,ml
645,507.7978967118233,ade,ml
646,275.998728227472,ade,ml
647,168.0379755938657,ade,ml
648,167.73295287682194,ade,ml
649,468.43486747363016,ade,ml
650,380.8031436212338,ade,ml
651,109.46804713748939,ade,ml
652,137.6056157765989,ade,ml
653,298.0620502356988,ade,ml
654,306.30727982790273,ade,ml
655,508.4245297186282,ade,ml
656,498.68329171603636,ade,ml
657,313.53309612942775,ade,ml
658,342.4628301312802,ade,ml
659,216.8397084364144,ade,ml
660,342.46284593574705,ade,ml
661,188.0119468872398,ade,ml
662,235.50426219275082,ade,ml
663,225.52178402114438,ade,ml
664,253.9916430316869,ade,ml
665,259.6310827970977,ade,ml
666,380.80314259986,ade,ml
667,275.9987274054818,ade,ml
668,168.03797337961373,ade,ml
669,167.73293660655398,ade,ml
670,507.79789754661215,ade,ml
671,216.83969538221837,ade,ml
672,109.468032503582,ade,ml
673,137.605612381513,ade,ml
674,298.06206646902996,ade,ml
675,306.30727844333734,ade,ml
676,508.4245271115736,ade,ml
677,498.68327706456057,ade,ml
678,313.5331165605942,ade,ml
679,468.4348516459955,ade,ml
680,0.12855971859306467,ade,ml
681,107.33242886531993,ade,ml
682,182.70319297582736,ade,ml
683,55.25158600196017,ade,ml
684,186.43601601383796,ade,ml
685,55.83066644753533,ade,ml
686,41.01476705919005,ade,ml
687,32.90672587259101,ade,ml
688,85.46097369625096,ade,ml
689,186.68080731560988,ade,ml
690,29.538203476224314,ade,ml
691,106.26931173895656,ade,ml
692,145.94913465549845,ade,ml
693,73.22537516374456,ade,ml
694,72.83434702709116,ade,ml
695,63.62387232480359,ade,ml
696,94.88159635427606,ade,ml
697,109.60172108396199,ade,ml
698,30.980792504403137,ade,ml
699,62.3209927480302,ade,ml
700,30.980805307085973,ade,ml
701,148.78829187691892,ade,ml
702,107.3324305931284,ade,ml
703,182.70316635412624,ade,ml
704,55.251587223471425,ade,ml
705,186.43598886998234,ade,ml
706,29.53820323520569,ade,ml
707,41.01476906447103,ade,ml
708,32.906739870033825,ade,ml
709,85.4609771067195,ade,ml
710,55.8306598145036,ade,ml
711,62.320987798606076,ade,ml
712,106.26931284004037,ade,ml
713,145.9491368530964,ade,ml
714,73.22537049895293,ade,ml
715,72.83434117737306,ade,ml
716,63.62388387778824,ade,ml
717,94.88157838135493,ade,ml
718,109.60173556468281,ade,ml
719,186.68079021727195,ade,ml
720,109.60171247247685,ade,ml
721,153.36241216774818,ade,ml
722,148.78829333453703,ade,ml
723,107.33242979082394,ade,ml
724,182.7031684278396,ade,ml
725,55.251585919042945,ade,ml
726,55.830657244001465,ade,ml
727,29.538209288620806,ade,ml
728,41.0147716852507,ade,ml
729,32.90674178749507,ade,ml
730,186.43600128332034,ade,ml
731,186.68079194658705,ade,ml
732,62.32098515349944,ade,ml
733,106.2693088827873,ade,ml
734,145.94913732330133,ade,ml
735,73.22537149672148,ade,ml
736,72.83434055951078,ade,ml
737,63.62388309226097,ade,ml
738,94.88158092228424,ade,ml
739,85.46097332789792,ade,ml
740,94.88158225740547,ade,ml
741,58.71069727981068,ade,ml
742,153.36240910406357,ade,ml
743,148.78828923227303,ade,ml
744,107.33243093346074,ade,ml
745,182.70318407040352,ade,ml
746,186.43600546428274,ade,ml
747,55.830656737488674,ade,ml
748,29.538207480498567,ade,ml
749,41.01477683111087,ade,ml
750,55.25158599526272,ade,ml
751,85.46097425091334,ade,ml
752,186.68077634732342,ade,ml
753,62.32098423026017,ade,ml
754,106.26931057569563,ade,ml
755,145.9491390767863,ade,ml
756,73.22537063613187,ade,ml
757,72.83433927850432,ade,ml
758,63.62388431496347,ade,ml
759,32.90673689055455,ade,ml
760,63.6238714036922,ade,ml
761,39.85783401214472,ade,ml
762,58.71069082810204,ade,ml
763,153.36240763977506,ade,ml
764,148.78829196950633,ade,ml
765,107.33242099006343,ade,ml
766,55.25158598643827,ade,ml
767,186.43599535836415,ade,ml
768,55.83065821909074,ade,ml
769,29.538205397364276,ade,ml
770,182.70317273620495,ade,ml
771,32.906743005392734,ade,ml
772,85.46096954997762,ade,ml
773,186.68079351059797,ade,ml
774,62.320988971069674,ade,ml
775,106.26930422069843,ade,ml
776,145.94912551911182,ade,ml
777,73.22536776124794,ade,ml
778,72.83433923884806,ade,ml
779,41.01477504115274,ade,ml
780,72.83433887440147,ade,ml
781,98.92117846244393,ade,ml
782,39.85786122286969,ade,ml
783,58.71069106701845,ade,ml
784,153.3624081356664,ade,ml
785,148.78829033320523,ade,ml
786,182.70317114068519,ade,ml
787,55.25158724841135,ade,ml
788,186.4359937362686,ade,ml
789,55.83065545223767,ade,ml
790,107.33243053230854,ade,ml
791,41.01477354698219,ade,ml
792,32.906742221552854,ade,ml
793,85.4609755925062,ade,ml
794,186.68082173301863,ade,ml
795,62.320982907706934,ade,ml
796,106.26931424775724,ade,ml
797,145.9491393118887,ade,ml
798,73.22536934212157,ade,ml
799,29.538206740285204,ade,ml
800,73.22537064238449,ade,ml
801,221.0376328332716,ade,ml
802,98.92119043871274,ade,ml
803,39.85783469504887,ade,ml
804,58.710687940409606,ade,ml
805,153.36240898834376,ade,ml
806,107.33242564170321,ade,ml
807,182.70317305808211,ade,ml
808,55.251587528217236,ade,ml
809,186.43600522764748,ade,ml
810,148.78828850267217,ade,ml
811,29.538203536559426,ade,ml
812,41.01477126983815,ade,ml
813,32.90673777134257,ade,ml
814,85.46097310698724,ade,ml
815,186.6807948008785,ade,ml
816,62.32099179931047,ade,ml
817,106.2693064913795,ade,ml
818,145.94912925466176,ade,ml
819,55.83066200939323,ade,ml
820,145.9491354620492,ade,ml
821,75.79172266702888,ade,ml
822,221.0376295775393,ade,ml
823,98.92117703995883,ade,ml
824,39.85784755720903,ade,ml
825,58.71070197545075,ade,ml
826,148.7882943448515,ade,ml
827,107.33243447287411,ade,ml
828,182.7031868055849,ade,ml
829,55.251585011963705,ade,ml
830,153.36240883665678,ade,ml
831,55.830663215438044,ade,ml
832,29.538207723371936,ade,ml
833,41.01477026719848,ade,ml
834,32.90673100541607,ade,ml
835,85.46097607622242,ade,ml
836,186.6808033500474,ade,ml
837,62.32099042719111,ade,ml
838,106.26931376619332,ade,ml
839,186.43601136002326,ade,ml
840,106.2693084270165,ade,ml
841,109.15930043561394,ade,ml
842,75.7917202448006,ade,ml
843,221.03762707607146,ade,ml
844,98.92118564961253,ade,ml
845,39.85783903500729,ade,ml
846,153.3624098451791,ade,ml
847,148.78829144609105,ade,ml
848,107.33243303045253,ade,ml
849,182.70317818885425,ade,ml
850,58.71069426360902,ade,ml
851,186.43600281777887,ade,ml
852,55.830669707143215,ade,ml
853,29.538207402677813,ade,ml
854,41.014763555391774,ade,ml
855,32.906728569617,ade,ml
856,85.46097176871213,ade,ml
857,186.68079561171783,ade,ml
858,62.32099961878871,ade,ml
859,55.25158900599687,ade,ml
860,62.32099028869311,ade,ml
861,44.224705731353204,ade,ml
862,109.15931216018363,ade,ml
863,75.7917266395507,ade,ml
864,221.03763493023007,ade,ml
865,98.92119085896718,ade,ml
866,58.710696603488145,ade,ml
867,153.36240612538364,ade,ml
868,148.78829520427345,ade,ml
869,107.33243098414401,ade,ml
870,39.85783266205527,ade,ml
871,55.251583220981416,ade,ml
872,186.43599876847847,ade,ml
873,55.83065964589784,ade,ml
874,29.538201015770436,ade,ml
875,41.01476850116634,ade,ml
876,32.906739303222956,ade,ml
877,85.46097448127854,ade,ml
878,186.68078801120157,ade,ml
879,182.7031725976035,ade,ml
